{"cameraMode":{"drawMode":0,"name":"Shaded","section":"Shading Mode"},"sceneLighting":false,"audioPlay":false,"sceneViewState":{"showFog":true,"showMaterialUpdate":false,"showSkybox":false,"showFlares":true,"showImageEffects":true,"showParticleSystems":true},"in2DMode":false,"pivot":{"x":0.06297558546066284,"y":0.004049509763717651,"z":1.7662923336029053},"rotation":{"x":0.2151944786310196,"y":-0.7484977841377258,"z":0.28945493698120119,"w":0.5564722418785095},"size":6.306730270385742,"orthographic":false}