{"cameraMode":{"drawMode":0,"name":"Shaded","section":"Shading Mode"},"sceneLighting":false,"audioPlay":false,"sceneViewState":{"showFog":true,"showMaterialUpdate":false,"showSkybox":false,"showFlares":true,"showImageEffects":true,"showParticleSystems":true},"in2DMode":false,"pivot":{"x":0.45264720916748049,"y":1.0644161701202393,"z":0.28872358798980715},"rotation":{"x":0.03862221539020538,"y":-0.8803642392158508,"z":0.07279569655656815,"w":0.4670874774456024},"size":6.634489059448242,"orthographic":false}